customer,password123,customer@example.com,Customer
staff,staff123,staff@example.com,Staff
admin,admin123,admin@example.com,Admin
dsadev,dsadev123,daniel.agad004@gmail.com,Customer
dsavisuals,dsadsa123,dasda@gmail.com,Customer
dandan,dandan123,daniel@gmail.com,Customer
zion,zion123,zion@gmail.com,Customer
